question,answer,age_group,category
What should a 8 year old eat for dinner?,"For dinner, I recommend a balanced meal with fruits, vegetables, protein, and grains. For example: oats with banana and yogurt.",preschool,nutrition_guidance
What should a 3 year old eat for dinner?,"For dinner, I recommend a balanced meal with fruits, vegetables, protein, and grains. For example: oats with banana and yogurt.",school_age,nutrition_guidance
How can I get my picky 5 year old to eat vegetables?,"Try making vegetables fun with dips, colorful presentations, or involving kids in cooking!",school_age,nutrition_guidance
What are some healthy snacks for a 3 year old?,"Yes, chicken is very healthy for children! It provides important nutrients for growth and development.",toddler,nutrition_guidance
Is orange healthy for my 8 year old child?,"Yes, orange is very healthy for children! It provides important nutrients for growth and development.",school_age,nutrition_guidance
How can I get my picky 8 year old to eat vegetables?,"Try making vegetables fun with dips, colorful presentations, or involving kids in cooking!",school_age,nutrition_guidance
What are some healthy snacks for a 8 year old?,"Yes, chicken is very healthy for children! It provides important nutrients for growth and development.",preschool,nutrition_guidance
Is orange healthy for my 3 year old child?,"Yes, orange is very healthy for children! It provides important nutrients for growth and development.",school_age,nutrition_guidance
What are some healthy snacks for a 5 year old?,"Yes, oats is very healthy for children! It provides important nutrients for growth and development.",toddler,nutrition_guidance
What should a 8 year old eat for snack?,"For snack, I recommend a balanced meal with fruits, vegetables, protein, and grains. For example: oats with banana and yogurt.",preschool,nutrition_guidance
What are some healthy snacks for a 3 year old?,"Yes, banana is very healthy for children! It provides important nutrients for growth and development.",preschool,nutrition_guidance
Is oats healthy for my 3 year old child?,"Yes, oats is very healthy for children! It provides important nutrients for growth and development.",school_age,nutrition_guidance
How can I get my picky 8 year old to eat vegetables?,"Try making vegetables fun with dips, colorful presentations, or involving kids in cooking!",preschool,nutrition_guidance
Is carrots healthy for my 8 year old child?,"Yes, carrots is very healthy for children! It provides important nutrients for growth and development.",preschool,nutrition_guidance
What are some healthy snacks for a 8 year old?,"Yes, strawberries is very healthy for children! It provides important nutrients for growth and development.",school_age,nutrition_guidance
How can I get my picky 3 year old to eat vegetables?,"Try making vegetables fun with dips, colorful presentations, or involving kids in cooking!",school_age,nutrition_guidance
What should a 3 year old eat for snack?,"For snack, I recommend a balanced meal with fruits, vegetables, protein, and grains. For example: oats with banana and yogurt.",toddler,nutrition_guidance
What should a 5 year old eat for lunch?,"For lunch, I recommend a balanced meal with fruits, vegetables, protein, and grains. For example: oats with banana and yogurt.",toddler,nutrition_guidance
What should a 5 year old eat for breakfast?,"For breakfast, I recommend a balanced meal with fruits, vegetables, protein, and grains. For example: oats with banana and yogurt.",school_age,nutrition_guidance
What are some healthy snacks for a 3 year old?,"Yes, rice is very healthy for children! It provides important nutrients for growth and development.",school_age,nutrition_guidance
What are some healthy snacks for a 3 year old?,"Yes, apple is very healthy for children! It provides important nutrients for growth and development.",toddler,nutrition_guidance
What should a 5 year old eat for lunch?,"For lunch, I recommend a balanced meal with fruits, vegetables, protein, and grains. For example: oats with banana and yogurt.",toddler,nutrition_guidance
How can I get my picky 8 year old to eat vegetables?,"Try making vegetables fun with dips, colorful presentations, or involving kids in cooking!",preschool,nutrition_guidance
How can I get my picky 8 year old to eat vegetables?,"Try making vegetables fun with dips, colorful presentations, or involving kids in cooking!",toddler,nutrition_guidance
What should a 5 year old eat for dinner?,"For dinner, I recommend a balanced meal with fruits, vegetables, protein, and grains. For example: oats with banana and yogurt.",toddler,nutrition_guidance
How can I get my picky 8 year old to eat vegetables?,"Try making vegetables fun with dips, colorful presentations, or involving kids in cooking!",preschool,nutrition_guidance
How can I get my picky 8 year old to eat vegetables?,"Try making vegetables fun with dips, colorful presentations, or involving kids in cooking!",toddler,nutrition_guidance
Is eggs healthy for my 8 year old child?,"Yes, eggs is very healthy for children! It provides important nutrients for growth and development.",preschool,nutrition_guidance
Is eggs healthy for my 5 year old child?,"Yes, eggs is very healthy for children! It provides important nutrients for growth and development.",toddler,nutrition_guidance
How can I get my picky 3 year old to eat vegetables?,"Try making vegetables fun with dips, colorful presentations, or involving kids in cooking!",school_age,nutrition_guidance
What should a 8 year old eat for lunch?,"For lunch, I recommend a balanced meal with fruits, vegetables, protein, and grains. For example: oats with banana and yogurt.",school_age,nutrition_guidance
How can I get my picky 3 year old to eat vegetables?,"Try making vegetables fun with dips, colorful presentations, or involving kids in cooking!",toddler,nutrition_guidance
Is eggs healthy for my 8 year old child?,"Yes, eggs is very healthy for children! It provides important nutrients for growth and development.",preschool,nutrition_guidance
What are some healthy snacks for a 5 year old?,"Yes, oats is very healthy for children! It provides important nutrients for growth and development.",preschool,nutrition_guidance
Is apple healthy for my 8 year old child?,"Yes, apple is very healthy for children! It provides important nutrients for growth and development.",preschool,nutrition_guidance
What should a 8 year old eat for snack?,"For snack, I recommend a balanced meal with fruits, vegetables, protein, and grains. For example: oats with banana and yogurt.",school_age,nutrition_guidance
Is yogurt healthy for my 5 year old child?,"Yes, yogurt is very healthy for children! It provides important nutrients for growth and development.",toddler,nutrition_guidance
How can I get my picky 5 year old to eat vegetables?,"Try making vegetables fun with dips, colorful presentations, or involving kids in cooking!",toddler,nutrition_guidance
What should a 3 year old eat for dinner?,"For dinner, I recommend a balanced meal with fruits, vegetables, protein, and grains. For example: oats with banana and yogurt.",preschool,nutrition_guidance
How can I get my picky 3 year old to eat vegetables?,"Try making vegetables fun with dips, colorful presentations, or involving kids in cooking!",preschool,nutrition_guidance
What are some healthy snacks for a 8 year old?,"Yes, strawberries is very healthy for children! It provides important nutrients for growth and development.",preschool,nutrition_guidance
What are some healthy snacks for a 3 year old?,"Yes, apple is very healthy for children! It provides important nutrients for growth and development.",toddler,nutrition_guidance
What are some healthy snacks for a 5 year old?,"Yes, apple is very healthy for children! It provides important nutrients for growth and development.",school_age,nutrition_guidance
What are some healthy snacks for a 3 year old?,"Yes, oats is very healthy for children! It provides important nutrients for growth and development.",school_age,nutrition_guidance
Is carrots healthy for my 8 year old child?,"Yes, carrots is very healthy for children! It provides important nutrients for growth and development.",preschool,nutrition_guidance
What are some healthy snacks for a 3 year old?,"Yes, strawberries is very healthy for children! It provides important nutrients for growth and development.",toddler,nutrition_guidance
What are some healthy snacks for a 8 year old?,"Yes, orange is very healthy for children! It provides important nutrients for growth and development.",preschool,nutrition_guidance
Is banana healthy for my 8 year old child?,"Yes, banana is very healthy for children! It provides important nutrients for growth and development.",school_age,nutrition_guidance
What are some healthy snacks for a 8 year old?,"Yes, apple is very healthy for children! It provides important nutrients for growth and development.",preschool,nutrition_guidance
What should a 8 year old eat for dinner?,"For dinner, I recommend a balanced meal with fruits, vegetables, protein, and grains. For example: oats with banana and yogurt.",preschool,nutrition_guidance
Is broccoli healthy for my 3 year old child?,"Yes, broccoli is very healthy for children! It provides important nutrients for growth and development.",toddler,nutrition_guidance
What should a 8 year old eat for snack?,"For snack, I recommend a balanced meal with fruits, vegetables, protein, and grains. For example: oats with banana and yogurt.",preschool,nutrition_guidance
What should a 3 year old eat for dinner?,"For dinner, I recommend a balanced meal with fruits, vegetables, protein, and grains. For example: oats with banana and yogurt.",school_age,nutrition_guidance
How can I get my picky 8 year old to eat vegetables?,"Try making vegetables fun with dips, colorful presentations, or involving kids in cooking!",school_age,nutrition_guidance
Is spinach healthy for my 5 year old child?,"Yes, spinach is very healthy for children! It provides important nutrients for growth and development.",toddler,nutrition_guidance
Is orange healthy for my 3 year old child?,"Yes, orange is very healthy for children! It provides important nutrients for growth and development.",preschool,nutrition_guidance
What are some healthy snacks for a 3 year old?,"Yes, oats is very healthy for children! It provides important nutrients for growth and development.",school_age,nutrition_guidance
What are some healthy snacks for a 5 year old?,"Yes, banana is very healthy for children! It provides important nutrients for growth and development.",toddler,nutrition_guidance
Is yogurt healthy for my 5 year old child?,"Yes, yogurt is very healthy for children! It provides important nutrients for growth and development.",toddler,nutrition_guidance
How can I get my picky 5 year old to eat vegetables?,"Try making vegetables fun with dips, colorful presentations, or involving kids in cooking!",preschool,nutrition_guidance
How can I get my picky 8 year old to eat vegetables?,"Try making vegetables fun with dips, colorful presentations, or involving kids in cooking!",school_age,nutrition_guidance
What are some healthy snacks for a 5 year old?,"Yes, oats is very healthy for children! It provides important nutrients for growth and development.",toddler,nutrition_guidance
Is apple healthy for my 5 year old child?,"Yes, apple is very healthy for children! It provides important nutrients for growth and development.",preschool,nutrition_guidance
How can I get my picky 3 year old to eat vegetables?,"Try making vegetables fun with dips, colorful presentations, or involving kids in cooking!",preschool,nutrition_guidance
What are some healthy snacks for a 8 year old?,"Yes, apple is very healthy for children! It provides important nutrients for growth and development.",school_age,nutrition_guidance
What should a 5 year old eat for breakfast?,"For breakfast, I recommend a balanced meal with fruits, vegetables, protein, and grains. For example: oats with banana and yogurt.",school_age,nutrition_guidance
What are some healthy snacks for a 8 year old?,"Yes, chicken is very healthy for children! It provides important nutrients for growth and development.",toddler,nutrition_guidance
Is strawberries healthy for my 3 year old child?,"Yes, strawberries is very healthy for children! It provides important nutrients for growth and development.",preschool,nutrition_guidance
What should a 3 year old eat for snack?,"For snack, I recommend a balanced meal with fruits, vegetables, protein, and grains. For example: oats with banana and yogurt.",school_age,nutrition_guidance
Is broccoli healthy for my 3 year old child?,"Yes, broccoli is very healthy for children! It provides important nutrients for growth and development.",school_age,nutrition_guidance
What are some healthy snacks for a 8 year old?,"Yes, apple is very healthy for children! It provides important nutrients for growth and development.",school_age,nutrition_guidance
How can I get my picky 5 year old to eat vegetables?,"Try making vegetables fun with dips, colorful presentations, or involving kids in cooking!",preschool,nutrition_guidance
Is spinach healthy for my 8 year old child?,"Yes, spinach is very healthy for children! It provides important nutrients for growth and development.",preschool,nutrition_guidance
How can I get my picky 5 year old to eat vegetables?,"Try making vegetables fun with dips, colorful presentations, or involving kids in cooking!",school_age,nutrition_guidance
What are some healthy snacks for a 8 year old?,"Yes, eggs is very healthy for children! It provides important nutrients for growth and development.",preschool,nutrition_guidance
How can I get my picky 3 year old to eat vegetables?,"Try making vegetables fun with dips, colorful presentations, or involving kids in cooking!",toddler,nutrition_guidance
How can I get my picky 5 year old to eat vegetables?,"Try making vegetables fun with dips, colorful presentations, or involving kids in cooking!",school_age,nutrition_guidance
What are some healthy snacks for a 5 year old?,"Yes, yogurt is very healthy for children! It provides important nutrients for growth and development.",preschool,nutrition_guidance
Is strawberries healthy for my 5 year old child?,"Yes, strawberries is very healthy for children! It provides important nutrients for growth and development.",preschool,nutrition_guidance
What should a 5 year old eat for lunch?,"For lunch, I recommend a balanced meal with fruits, vegetables, protein, and grains. For example: oats with banana and yogurt.",school_age,nutrition_guidance
What are some healthy snacks for a 3 year old?,"Yes, eggs is very healthy for children! It provides important nutrients for growth and development.",preschool,nutrition_guidance
How can I get my picky 3 year old to eat vegetables?,"Try making vegetables fun with dips, colorful presentations, or involving kids in cooking!",preschool,nutrition_guidance
What should a 3 year old eat for breakfast?,"For breakfast, I recommend a balanced meal with fruits, vegetables, protein, and grains. For example: oats with banana and yogurt.",preschool,nutrition_guidance
What should a 5 year old eat for dinner?,"For dinner, I recommend a balanced meal with fruits, vegetables, protein, and grains. For example: oats with banana and yogurt.",toddler,nutrition_guidance
Is eggs healthy for my 8 year old child?,"Yes, eggs is very healthy for children! It provides important nutrients for growth and development.",preschool,nutrition_guidance
How can I get my picky 5 year old to eat vegetables?,"Try making vegetables fun with dips, colorful presentations, or involving kids in cooking!",school_age,nutrition_guidance
How can I get my picky 3 year old to eat vegetables?,"Try making vegetables fun with dips, colorful presentations, or involving kids in cooking!",school_age,nutrition_guidance
What should a 5 year old eat for dinner?,"For dinner, I recommend a balanced meal with fruits, vegetables, protein, and grains. For example: oats with banana and yogurt.",toddler,nutrition_guidance
Is broccoli healthy for my 5 year old child?,"Yes, broccoli is very healthy for children! It provides important nutrients for growth and development.",toddler,nutrition_guidance
Is apple healthy for my 3 year old child?,"Yes, apple is very healthy for children! It provides important nutrients for growth and development.",preschool,nutrition_guidance
What are some healthy snacks for a 3 year old?,"Yes, strawberries is very healthy for children! It provides important nutrients for growth and development.",school_age,nutrition_guidance
What are some healthy snacks for a 3 year old?,"Yes, strawberries is very healthy for children! It provides important nutrients for growth and development.",toddler,nutrition_guidance
What should a 5 year old eat for dinner?,"For dinner, I recommend a balanced meal with fruits, vegetables, protein, and grains. For example: oats with banana and yogurt.",school_age,nutrition_guidance
What should a 3 year old eat for dinner?,"For dinner, I recommend a balanced meal with fruits, vegetables, protein, and grains. For example: oats with banana and yogurt.",toddler,nutrition_guidance
What are some healthy snacks for a 5 year old?,"Yes, apple is very healthy for children! It provides important nutrients for growth and development.",school_age,nutrition_guidance
What should a 5 year old eat for dinner?,"For dinner, I recommend a balanced meal with fruits, vegetables, protein, and grains. For example: oats with banana and yogurt.",school_age,nutrition_guidance
How can I get my picky 5 year old to eat vegetables?,"Try making vegetables fun with dips, colorful presentations, or involving kids in cooking!",preschool,nutrition_guidance
What are some healthy snacks for a 5 year old?,"Yes, carrots is very healthy for children! It provides important nutrients for growth and development.",school_age,nutrition_guidance
How can I get my picky 5 year old to eat vegetables?,"Try making vegetables fun with dips, colorful presentations, or involving kids in cooking!",toddler,nutrition_guidance
Is yogurt healthy for my 5 year old child?,"Yes, yogurt is very healthy for children! It provides important nutrients for growth and development.",preschool,nutrition_guidance
What should a 5 year old eat for lunch?,"For lunch, I recommend a balanced meal with fruits, vegetables, protein, and grains. For example: oats with banana and yogurt.",preschool,nutrition_guidance
How can I get my picky 3 year old to eat vegetables?,"Try making vegetables fun with dips, colorful presentations, or involving kids in cooking!",school_age,nutrition_guidance
Is spinach healthy for my 5 year old child?,"Yes, spinach is very healthy for children! It provides important nutrients for growth and development.",school_age,nutrition_guidance
What should a 8 year old eat for lunch?,"For lunch, I recommend a balanced meal with fruits, vegetables, protein, and grains. For example: oats with banana and yogurt.",toddler,nutrition_guidance
What are some healthy snacks for a 3 year old?,"Yes, eggs is very healthy for children! It provides important nutrients for growth and development.",preschool,nutrition_guidance
How can I get my picky 3 year old to eat vegetables?,"Try making vegetables fun with dips, colorful presentations, or involving kids in cooking!",preschool,nutrition_guidance
How can I get my picky 5 year old to eat vegetables?,"Try making vegetables fun with dips, colorful presentations, or involving kids in cooking!",preschool,nutrition_guidance
How can I get my picky 3 year old to eat vegetables?,"Try making vegetables fun with dips, colorful presentations, or involving kids in cooking!",toddler,nutrition_guidance
What are some healthy snacks for a 5 year old?,"Yes, spinach is very healthy for children! It provides important nutrients for growth and development.",school_age,nutrition_guidance
What should a 8 year old eat for breakfast?,"For breakfast, I recommend a balanced meal with fruits, vegetables, protein, and grains. For example: oats with banana and yogurt.",toddler,nutrition_guidance
What should a 8 year old eat for breakfast?,"For breakfast, I recommend a balanced meal with fruits, vegetables, protein, and grains. For example: oats with banana and yogurt.",school_age,nutrition_guidance
What are some healthy snacks for a 8 year old?,"Yes, rice is very healthy for children! It provides important nutrients for growth and development.",preschool,nutrition_guidance
Is strawberries healthy for my 3 year old child?,"Yes, strawberries is very healthy for children! It provides important nutrients for growth and development.",toddler,nutrition_guidance
Is banana healthy for my 5 year old child?,"Yes, banana is very healthy for children! It provides important nutrients for growth and development.",preschool,nutrition_guidance
What should a 8 year old eat for dinner?,"For dinner, I recommend a balanced meal with fruits, vegetables, protein, and grains. For example: oats with banana and yogurt.",preschool,nutrition_guidance
What are some healthy snacks for a 8 year old?,"Yes, strawberries is very healthy for children! It provides important nutrients for growth and development.",preschool,nutrition_guidance
Is carrots healthy for my 5 year old child?,"Yes, carrots is very healthy for children! It provides important nutrients for growth and development.",preschool,nutrition_guidance
What should a 5 year old eat for snack?,"For snack, I recommend a balanced meal with fruits, vegetables, protein, and grains. For example: oats with banana and yogurt.",toddler,nutrition_guidance
How can I get my picky 5 year old to eat vegetables?,"Try making vegetables fun with dips, colorful presentations, or involving kids in cooking!",preschool,nutrition_guidance
Is chicken healthy for my 3 year old child?,"Yes, chicken is very healthy for children! It provides important nutrients for growth and development.",preschool,nutrition_guidance
What are some healthy snacks for a 5 year old?,"Yes, rice is very healthy for children! It provides important nutrients for growth and development.",preschool,nutrition_guidance
What are some healthy snacks for a 5 year old?,"Yes, banana is very healthy for children! It provides important nutrients for growth and development.",toddler,nutrition_guidance
What are some healthy snacks for a 8 year old?,"Yes, oats is very healthy for children! It provides important nutrients for growth and development.",toddler,nutrition_guidance
What should a 8 year old eat for lunch?,"For lunch, I recommend a balanced meal with fruits, vegetables, protein, and grains. For example: oats with banana and yogurt.",school_age,nutrition_guidance
How can I get my picky 5 year old to eat vegetables?,"Try making vegetables fun with dips, colorful presentations, or involving kids in cooking!",toddler,nutrition_guidance
How can I get my picky 3 year old to eat vegetables?,"Try making vegetables fun with dips, colorful presentations, or involving kids in cooking!",school_age,nutrition_guidance
What are some healthy snacks for a 3 year old?,"Yes, oats is very healthy for children! It provides important nutrients for growth and development.",school_age,nutrition_guidance
How can I get my picky 5 year old to eat vegetables?,"Try making vegetables fun with dips, colorful presentations, or involving kids in cooking!",preschool,nutrition_guidance
Is apple healthy for my 5 year old child?,"Yes, apple is very healthy for children! It provides important nutrients for growth and development.",school_age,nutrition_guidance
What are some healthy snacks for a 5 year old?,"Yes, strawberries is very healthy for children! It provides important nutrients for growth and development.",preschool,nutrition_guidance
What should a 5 year old eat for breakfast?,"For breakfast, I recommend a balanced meal with fruits, vegetables, protein, and grains. For example: oats with banana and yogurt.",school_age,nutrition_guidance
Is chicken healthy for my 3 year old child?,"Yes, chicken is very healthy for children! It provides important nutrients for growth and development.",school_age,nutrition_guidance
What should a 3 year old eat for snack?,"For snack, I recommend a balanced meal with fruits, vegetables, protein, and grains. For example: oats with banana and yogurt.",toddler,nutrition_guidance
Is apple healthy for my 5 year old child?,"Yes, apple is very healthy for children! It provides important nutrients for growth and development.",toddler,nutrition_guidance
What are some healthy snacks for a 8 year old?,"Yes, orange is very healthy for children! It provides important nutrients for growth and development.",school_age,nutrition_guidance
What should a 8 year old eat for snack?,"For snack, I recommend a balanced meal with fruits, vegetables, protein, and grains. For example: oats with banana and yogurt.",toddler,nutrition_guidance
How can I get my picky 5 year old to eat vegetables?,"Try making vegetables fun with dips, colorful presentations, or involving kids in cooking!",toddler,nutrition_guidance
What should a 3 year old eat for breakfast?,"For breakfast, I recommend a balanced meal with fruits, vegetables, protein, and grains. For example: oats with banana and yogurt.",toddler,nutrition_guidance
Is eggs healthy for my 5 year old child?,"Yes, eggs is very healthy for children! It provides important nutrients for growth and development.",school_age,nutrition_guidance
Is carrots healthy for my 3 year old child?,"Yes, carrots is very healthy for children! It provides important nutrients for growth and development.",school_age,nutrition_guidance
What should a 8 year old eat for dinner?,"For dinner, I recommend a balanced meal with fruits, vegetables, protein, and grains. For example: oats with banana and yogurt.",preschool,nutrition_guidance
What are some healthy snacks for a 3 year old?,"Yes, yogurt is very healthy for children! It provides important nutrients for growth and development.",preschool,nutrition_guidance
What are some healthy snacks for a 3 year old?,"Yes, broccoli is very healthy for children! It provides important nutrients for growth and development.",school_age,nutrition_guidance
What are some healthy snacks for a 8 year old?,"Yes, banana is very healthy for children! It provides important nutrients for growth and development.",school_age,nutrition_guidance
What should a 3 year old eat for lunch?,"For lunch, I recommend a balanced meal with fruits, vegetables, protein, and grains. For example: oats with banana and yogurt.",preschool,nutrition_guidance
How can I get my picky 3 year old to eat vegetables?,"Try making vegetables fun with dips, colorful presentations, or involving kids in cooking!",toddler,nutrition_guidance
What should a 3 year old eat for breakfast?,"For breakfast, I recommend a balanced meal with fruits, vegetables, protein, and grains. For example: oats with banana and yogurt.",toddler,nutrition_guidance
How can I get my picky 8 year old to eat vegetables?,"Try making vegetables fun with dips, colorful presentations, or involving kids in cooking!",preschool,nutrition_guidance
What should a 8 year old eat for dinner?,"For dinner, I recommend a balanced meal with fruits, vegetables, protein, and grains. For example: oats with banana and yogurt.",toddler,nutrition_guidance
What are some healthy snacks for a 5 year old?,"Yes, rice is very healthy for children! It provides important nutrients for growth and development.",preschool,nutrition_guidance
What should a 3 year old eat for snack?,"For snack, I recommend a balanced meal with fruits, vegetables, protein, and grains. For example: oats with banana and yogurt.",toddler,nutrition_guidance
How can I get my picky 3 year old to eat vegetables?,"Try making vegetables fun with dips, colorful presentations, or involving kids in cooking!",school_age,nutrition_guidance
What should a 3 year old eat for lunch?,"For lunch, I recommend a balanced meal with fruits, vegetables, protein, and grains. For example: oats with banana and yogurt.",toddler,nutrition_guidance
What should a 8 year old eat for breakfast?,"For breakfast, I recommend a balanced meal with fruits, vegetables, protein, and grains. For example: oats with banana and yogurt.",school_age,nutrition_guidance
Is orange healthy for my 5 year old child?,"Yes, orange is very healthy for children! It provides important nutrients for growth and development.",school_age,nutrition_guidance
What are some healthy snacks for a 8 year old?,"Yes, spinach is very healthy for children! It provides important nutrients for growth and development.",preschool,nutrition_guidance
Is apple healthy for my 8 year old child?,"Yes, apple is very healthy for children! It provides important nutrients for growth and development.",preschool,nutrition_guidance
How can I get my picky 5 year old to eat vegetables?,"Try making vegetables fun with dips, colorful presentations, or involving kids in cooking!",toddler,nutrition_guidance
Is chicken healthy for my 5 year old child?,"Yes, chicken is very healthy for children! It provides important nutrients for growth and development.",preschool,nutrition_guidance
How can I get my picky 3 year old to eat vegetables?,"Try making vegetables fun with dips, colorful presentations, or involving kids in cooking!",preschool,nutrition_guidance
Is eggs healthy for my 8 year old child?,"Yes, eggs is very healthy for children! It provides important nutrients for growth and development.",toddler,nutrition_guidance
Is banana healthy for my 5 year old child?,"Yes, banana is very healthy for children! It provides important nutrients for growth and development.",toddler,nutrition_guidance
Is broccoli healthy for my 3 year old child?,"Yes, broccoli is very healthy for children! It provides important nutrients for growth and development.",school_age,nutrition_guidance
Is banana healthy for my 5 year old child?,"Yes, banana is very healthy for children! It provides important nutrients for growth and development.",preschool,nutrition_guidance
What should a 5 year old eat for lunch?,"For lunch, I recommend a balanced meal with fruits, vegetables, protein, and grains. For example: oats with banana and yogurt.",school_age,nutrition_guidance
What should a 8 year old eat for dinner?,"For dinner, I recommend a balanced meal with fruits, vegetables, protein, and grains. For example: oats with banana and yogurt.",school_age,nutrition_guidance
What should a 5 year old eat for breakfast?,"For breakfast, I recommend a balanced meal with fruits, vegetables, protein, and grains. For example: oats with banana and yogurt.",toddler,nutrition_guidance
How can I get my picky 5 year old to eat vegetables?,"Try making vegetables fun with dips, colorful presentations, or involving kids in cooking!",school_age,nutrition_guidance
How can I get my picky 8 year old to eat vegetables?,"Try making vegetables fun with dips, colorful presentations, or involving kids in cooking!",school_age,nutrition_guidance
Is spinach healthy for my 3 year old child?,"Yes, spinach is very healthy for children! It provides important nutrients for growth and development.",school_age,nutrition_guidance
How can I get my picky 8 year old to eat vegetables?,"Try making vegetables fun with dips, colorful presentations, or involving kids in cooking!",toddler,nutrition_guidance
How can I get my picky 3 year old to eat vegetables?,"Try making vegetables fun with dips, colorful presentations, or involving kids in cooking!",preschool,nutrition_guidance
How can I get my picky 3 year old to eat vegetables?,"Try making vegetables fun with dips, colorful presentations, or involving kids in cooking!",preschool,nutrition_guidance
What are some healthy snacks for a 8 year old?,"Yes, chicken is very healthy for children! It provides important nutrients for growth and development.",school_age,nutrition_guidance
What are some healthy snacks for a 5 year old?,"Yes, carrots is very healthy for children! It provides important nutrients for growth and development.",school_age,nutrition_guidance
What are some healthy snacks for a 8 year old?,"Yes, oats is very healthy for children! It provides important nutrients for growth and development.",school_age,nutrition_guidance
Is orange healthy for my 5 year old child?,"Yes, orange is very healthy for children! It provides important nutrients for growth and development.",preschool,nutrition_guidance
How can I get my picky 8 year old to eat vegetables?,"Try making vegetables fun with dips, colorful presentations, or involving kids in cooking!",preschool,nutrition_guidance
What should a 8 year old eat for dinner?,"For dinner, I recommend a balanced meal with fruits, vegetables, protein, and grains. For example: oats with banana and yogurt.",toddler,nutrition_guidance
Is broccoli healthy for my 8 year old child?,"Yes, broccoli is very healthy for children! It provides important nutrients for growth and development.",school_age,nutrition_guidance
What are some healthy snacks for a 5 year old?,"Yes, rice is very healthy for children! It provides important nutrients for growth and development.",toddler,nutrition_guidance
What should a 8 year old eat for snack?,"For snack, I recommend a balanced meal with fruits, vegetables, protein, and grains. For example: oats with banana and yogurt.",preschool,nutrition_guidance
How can I get my picky 8 year old to eat vegetables?,"Try making vegetables fun with dips, colorful presentations, or involving kids in cooking!",school_age,nutrition_guidance
How can I get my picky 8 year old to eat vegetables?,"Try making vegetables fun with dips, colorful presentations, or involving kids in cooking!",school_age,nutrition_guidance
What are some healthy snacks for a 3 year old?,"Yes, oats is very healthy for children! It provides important nutrients for growth and development.",preschool,nutrition_guidance
What should a 5 year old eat for dinner?,"For dinner, I recommend a balanced meal with fruits, vegetables, protein, and grains. For example: oats with banana and yogurt.",preschool,nutrition_guidance
What are some healthy snacks for a 8 year old?,"Yes, apple is very healthy for children! It provides important nutrients for growth and development.",toddler,nutrition_guidance
What are some healthy snacks for a 3 year old?,"Yes, eggs is very healthy for children! It provides important nutrients for growth and development.",school_age,nutrition_guidance
Is chicken healthy for my 3 year old child?,"Yes, chicken is very healthy for children! It provides important nutrients for growth and development.",school_age,nutrition_guidance
Is strawberries healthy for my 5 year old child?,"Yes, strawberries is very healthy for children! It provides important nutrients for growth and development.",toddler,nutrition_guidance
Is broccoli healthy for my 8 year old child?,"Yes, broccoli is very healthy for children! It provides important nutrients for growth and development.",preschool,nutrition_guidance
What should a 8 year old eat for snack?,"For snack, I recommend a balanced meal with fruits, vegetables, protein, and grains. For example: oats with banana and yogurt.",toddler,nutrition_guidance
What should a 5 year old eat for lunch?,"For lunch, I recommend a balanced meal with fruits, vegetables, protein, and grains. For example: oats with banana and yogurt.",toddler,nutrition_guidance
Is rice healthy for my 8 year old child?,"Yes, rice is very healthy for children! It provides important nutrients for growth and development.",school_age,nutrition_guidance
How can I get my picky 8 year old to eat vegetables?,"Try making vegetables fun with dips, colorful presentations, or involving kids in cooking!",school_age,nutrition_guidance
How can I get my picky 3 year old to eat vegetables?,"Try making vegetables fun with dips, colorful presentations, or involving kids in cooking!",preschool,nutrition_guidance
What are some healthy snacks for a 5 year old?,"Yes, chicken is very healthy for children! It provides important nutrients for growth and development.",preschool,nutrition_guidance
How can I get my picky 5 year old to eat vegetables?,"Try making vegetables fun with dips, colorful presentations, or involving kids in cooking!",school_age,nutrition_guidance
What are some healthy snacks for a 8 year old?,"Yes, banana is very healthy for children! It provides important nutrients for growth and development.",school_age,nutrition_guidance
What should a 8 year old eat for lunch?,"For lunch, I recommend a balanced meal with fruits, vegetables, protein, and grains. For example: oats with banana and yogurt.",toddler,nutrition_guidance
How can I get my picky 3 year old to eat vegetables?,"Try making vegetables fun with dips, colorful presentations, or involving kids in cooking!",toddler,nutrition_guidance
What are some healthy snacks for a 5 year old?,"Yes, eggs is very healthy for children! It provides important nutrients for growth and development.",toddler,nutrition_guidance
Is rice healthy for my 5 year old child?,"Yes, rice is very healthy for children! It provides important nutrients for growth and development.",school_age,nutrition_guidance
Is oats healthy for my 3 year old child?,"Yes, oats is very healthy for children! It provides important nutrients for growth and development.",preschool,nutrition_guidance
What should a 5 year old eat for lunch?,"For lunch, I recommend a balanced meal with fruits, vegetables, protein, and grains. For example: oats with banana and yogurt.",toddler,nutrition_guidance
Is strawberries healthy for my 5 year old child?,"Yes, strawberries is very healthy for children! It provides important nutrients for growth and development.",toddler,nutrition_guidance
What should a 8 year old eat for dinner?,"For dinner, I recommend a balanced meal with fruits, vegetables, protein, and grains. For example: oats with banana and yogurt.",school_age,nutrition_guidance
Is oats healthy for my 8 year old child?,"Yes, oats is very healthy for children! It provides important nutrients for growth and development.",toddler,nutrition_guidance
How can I get my picky 5 year old to eat vegetables?,"Try making vegetables fun with dips, colorful presentations, or involving kids in cooking!",toddler,nutrition_guidance
What are some healthy snacks for a 8 year old?,"Yes, apple is very healthy for children! It provides important nutrients for growth and development.",preschool,nutrition_guidance
What are some healthy snacks for a 8 year old?,"Yes, yogurt is very healthy for children! It provides important nutrients for growth and development.",preschool,nutrition_guidance
What should a 8 year old eat for dinner?,"For dinner, I recommend a balanced meal with fruits, vegetables, protein, and grains. For example: oats with banana and yogurt.",preschool,nutrition_guidance
Is yogurt healthy for my 3 year old child?,"Yes, yogurt is very healthy for children! It provides important nutrients for growth and development.",preschool,nutrition_guidance
What are some healthy snacks for a 8 year old?,"Yes, eggs is very healthy for children! It provides important nutrients for growth and development.",toddler,nutrition_guidance
What should a 3 year old eat for snack?,"For snack, I recommend a balanced meal with fruits, vegetables, protein, and grains. For example: oats with banana and yogurt.",toddler,nutrition_guidance
What should a 5 year old eat for dinner?,"For dinner, I recommend a balanced meal with fruits, vegetables, protein, and grains. For example: oats with banana and yogurt.",school_age,nutrition_guidance
What are some healthy snacks for a 8 year old?,"Yes, orange is very healthy for children! It provides important nutrients for growth and development.",school_age,nutrition_guidance
What are some healthy snacks for a 5 year old?,"Yes, strawberries is very healthy for children! It provides important nutrients for growth and development.",school_age,nutrition_guidance
Is rice healthy for my 3 year old child?,"Yes, rice is very healthy for children! It provides important nutrients for growth and development.",toddler,nutrition_guidance
Is yogurt healthy for my 3 year old child?,"Yes, yogurt is very healthy for children! It provides important nutrients for growth and development.",school_age,nutrition_guidance
How can I get my picky 5 year old to eat vegetables?,"Try making vegetables fun with dips, colorful presentations, or involving kids in cooking!",toddler,nutrition_guidance
What are some healthy snacks for a 8 year old?,"Yes, banana is very healthy for children! It provides important nutrients for growth and development.",toddler,nutrition_guidance
What should a 5 year old eat for snack?,"For snack, I recommend a balanced meal with fruits, vegetables, protein, and grains. For example: oats with banana and yogurt.",school_age,nutrition_guidance
What are some healthy snacks for a 8 year old?,"Yes, oats is very healthy for children! It provides important nutrients for growth and development.",preschool,nutrition_guidance
What are some healthy snacks for a 3 year old?,"Yes, carrots is very healthy for children! It provides important nutrients for growth and development.",toddler,nutrition_guidance
What are some healthy snacks for a 5 year old?,"Yes, spinach is very healthy for children! It provides important nutrients for growth and development.",preschool,nutrition_guidance
How can I get my picky 8 year old to eat vegetables?,"Try making vegetables fun with dips, colorful presentations, or involving kids in cooking!",preschool,nutrition_guidance
What are some healthy snacks for a 3 year old?,"Yes, yogurt is very healthy for children! It provides important nutrients for growth and development.",toddler,nutrition_guidance
What should a 3 year old eat for snack?,"For snack, I recommend a balanced meal with fruits, vegetables, protein, and grains. For example: oats with banana and yogurt.",school_age,nutrition_guidance
What are some healthy snacks for a 3 year old?,"Yes, orange is very healthy for children! It provides important nutrients for growth and development.",school_age,nutrition_guidance
Is banana healthy for my 3 year old child?,"Yes, banana is very healthy for children! It provides important nutrients for growth and development.",preschool,nutrition_guidance
Is oats healthy for my 5 year old child?,"Yes, oats is very healthy for children! It provides important nutrients for growth and development.",school_age,nutrition_guidance
What are some healthy snacks for a 8 year old?,"Yes, banana is very healthy for children! It provides important nutrients for growth and development.",school_age,nutrition_guidance
How can I get my picky 3 year old to eat vegetables?,"Try making vegetables fun with dips, colorful presentations, or involving kids in cooking!",school_age,nutrition_guidance
Is apple healthy for my 8 year old child?,"Yes, apple is very healthy for children! It provides important nutrients for growth and development.",school_age,nutrition_guidance
How can I get my picky 3 year old to eat vegetables?,"Try making vegetables fun with dips, colorful presentations, or involving kids in cooking!",preschool,nutrition_guidance
Is broccoli healthy for my 3 year old child?,"Yes, broccoli is very healthy for children! It provides important nutrients for growth and development.",preschool,nutrition_guidance
Is eggs healthy for my 8 year old child?,"Yes, eggs is very healthy for children! It provides important nutrients for growth and development.",preschool,nutrition_guidance
Is eggs healthy for my 8 year old child?,"Yes, eggs is very healthy for children! It provides important nutrients for growth and development.",school_age,nutrition_guidance
What are some healthy snacks for a 3 year old?,"Yes, chicken is very healthy for children! It provides important nutrients for growth and development.",preschool,nutrition_guidance
What are some healthy snacks for a 5 year old?,"Yes, yogurt is very healthy for children! It provides important nutrients for growth and development.",preschool,nutrition_guidance
How can I get my picky 3 year old to eat vegetables?,"Try making vegetables fun with dips, colorful presentations, or involving kids in cooking!",school_age,nutrition_guidance
What are some healthy snacks for a 3 year old?,"Yes, broccoli is very healthy for children! It provides important nutrients for growth and development.",preschool,nutrition_guidance
What should a 8 year old eat for lunch?,"For lunch, I recommend a balanced meal with fruits, vegetables, protein, and grains. For example: oats with banana and yogurt.",school_age,nutrition_guidance
How can I get my picky 8 year old to eat vegetables?,"Try making vegetables fun with dips, colorful presentations, or involving kids in cooking!",toddler,nutrition_guidance
What should a 5 year old eat for lunch?,"For lunch, I recommend a balanced meal with fruits, vegetables, protein, and grains. For example: oats with banana and yogurt.",toddler,nutrition_guidance
What should a 3 year old eat for lunch?,"For lunch, I recommend a balanced meal with fruits, vegetables, protein, and grains. For example: oats with banana and yogurt.",toddler,nutrition_guidance
How can I get my picky 5 year old to eat vegetables?,"Try making vegetables fun with dips, colorful presentations, or involving kids in cooking!",toddler,nutrition_guidance
How can I get my picky 3 year old to eat vegetables?,"Try making vegetables fun with dips, colorful presentations, or involving kids in cooking!",toddler,nutrition_guidance
How can I get my picky 8 year old to eat vegetables?,"Try making vegetables fun with dips, colorful presentations, or involving kids in cooking!",school_age,nutrition_guidance
Is oats healthy for my 3 year old child?,"Yes, oats is very healthy for children! It provides important nutrients for growth and development.",preschool,nutrition_guidance
What are some healthy snacks for a 3 year old?,"Yes, yogurt is very healthy for children! It provides important nutrients for growth and development.",toddler,nutrition_guidance
What should a 5 year old eat for breakfast?,"For breakfast, I recommend a balanced meal with fruits, vegetables, protein, and grains. For example: oats with banana and yogurt.",preschool,nutrition_guidance
Is carrots healthy for my 3 year old child?,"Yes, carrots is very healthy for children! It provides important nutrients for growth and development.",toddler,nutrition_guidance
Is apple healthy for my 5 year old child?,"Yes, apple is very healthy for children! It provides important nutrients for growth and development.",preschool,nutrition_guidance
What are some healthy snacks for a 8 year old?,"Yes, banana is very healthy for children! It provides important nutrients for growth and development.",school_age,nutrition_guidance
What should a 3 year old eat for snack?,"For snack, I recommend a balanced meal with fruits, vegetables, protein, and grains. For example: oats with banana and yogurt.",school_age,nutrition_guidance
How can I get my picky 8 year old to eat vegetables?,"Try making vegetables fun with dips, colorful presentations, or involving kids in cooking!",toddler,nutrition_guidance
How can I get my picky 3 year old to eat vegetables?,"Try making vegetables fun with dips, colorful presentations, or involving kids in cooking!",school_age,nutrition_guidance
What should a 8 year old eat for snack?,"For snack, I recommend a balanced meal with fruits, vegetables, protein, and grains. For example: oats with banana and yogurt.",preschool,nutrition_guidance
How can I get my picky 8 year old to eat vegetables?,"Try making vegetables fun with dips, colorful presentations, or involving kids in cooking!",school_age,nutrition_guidance
Is banana healthy for my 5 year old child?,"Yes, banana is very healthy for children! It provides important nutrients for growth and development.",school_age,nutrition_guidance
What are some healthy snacks for a 5 year old?,"Yes, banana is very healthy for children! It provides important nutrients for growth and development.",preschool,nutrition_guidance
What should a 5 year old eat for lunch?,"For lunch, I recommend a balanced meal with fruits, vegetables, protein, and grains. For example: oats with banana and yogurt.",school_age,nutrition_guidance
How can I get my picky 8 year old to eat vegetables?,"Try making vegetables fun with dips, colorful presentations, or involving kids in cooking!",preschool,nutrition_guidance
What should a 5 year old eat for dinner?,"For dinner, I recommend a balanced meal with fruits, vegetables, protein, and grains. For example: oats with banana and yogurt.",toddler,nutrition_guidance
Is eggs healthy for my 8 year old child?,"Yes, eggs is very healthy for children! It provides important nutrients for growth and development.",toddler,nutrition_guidance
How can I get my picky 3 year old to eat vegetables?,"Try making vegetables fun with dips, colorful presentations, or involving kids in cooking!",toddler,nutrition_guidance
What should a 5 year old eat for snack?,"For snack, I recommend a balanced meal with fruits, vegetables, protein, and grains. For example: oats with banana and yogurt.",preschool,nutrition_guidance
Is rice healthy for my 8 year old child?,"Yes, rice is very healthy for children! It provides important nutrients for growth and development.",preschool,nutrition_guidance
How can I get my picky 8 year old to eat vegetables?,"Try making vegetables fun with dips, colorful presentations, or involving kids in cooking!",preschool,nutrition_guidance
What should a 5 year old eat for breakfast?,"For breakfast, I recommend a balanced meal with fruits, vegetables, protein, and grains. For example: oats with banana and yogurt.",preschool,nutrition_guidance
What should a 3 year old eat for snack?,"For snack, I recommend a balanced meal with fruits, vegetables, protein, and grains. For example: oats with banana and yogurt.",preschool,nutrition_guidance
How can I get my picky 5 year old to eat vegetables?,"Try making vegetables fun with dips, colorful presentations, or involving kids in cooking!",toddler,nutrition_guidance
Is orange healthy for my 8 year old child?,"Yes, orange is very healthy for children! It provides important nutrients for growth and development.",toddler,nutrition_guidance
Is apple healthy for my 8 year old child?,"Yes, apple is very healthy for children! It provides important nutrients for growth and development.",toddler,nutrition_guidance
What are some healthy snacks for a 8 year old?,"Yes, carrots is very healthy for children! It provides important nutrients for growth and development.",school_age,nutrition_guidance
What are some healthy snacks for a 3 year old?,"Yes, strawberries is very healthy for children! It provides important nutrients for growth and development.",toddler,nutrition_guidance
How can I get my picky 8 year old to eat vegetables?,"Try making vegetables fun with dips, colorful presentations, or involving kids in cooking!",school_age,nutrition_guidance
What should a 5 year old eat for snack?,"For snack, I recommend a balanced meal with fruits, vegetables, protein, and grains. For example: oats with banana and yogurt.",preschool,nutrition_guidance
What are some healthy snacks for a 8 year old?,"Yes, chicken is very healthy for children! It provides important nutrients for growth and development.",toddler,nutrition_guidance
What should a 5 year old eat for dinner?,"For dinner, I recommend a balanced meal with fruits, vegetables, protein, and grains. For example: oats with banana and yogurt.",school_age,nutrition_guidance
How can I get my picky 8 year old to eat vegetables?,"Try making vegetables fun with dips, colorful presentations, or involving kids in cooking!",school_age,nutrition_guidance
Is spinach healthy for my 8 year old child?,"Yes, spinach is very healthy for children! It provides important nutrients for growth and development.",preschool,nutrition_guidance
Is rice healthy for my 5 year old child?,"Yes, rice is very healthy for children! It provides important nutrients for growth and development.",toddler,nutrition_guidance
How can I get my picky 3 year old to eat vegetables?,"Try making vegetables fun with dips, colorful presentations, or involving kids in cooking!",preschool,nutrition_guidance
What are some healthy snacks for a 5 year old?,"Yes, oats is very healthy for children! It provides important nutrients for growth and development.",school_age,nutrition_guidance
Is chicken healthy for my 3 year old child?,"Yes, chicken is very healthy for children! It provides important nutrients for growth and development.",preschool,nutrition_guidance
Is yogurt healthy for my 8 year old child?,"Yes, yogurt is very healthy for children! It provides important nutrients for growth and development.",preschool,nutrition_guidance
How can I get my picky 8 year old to eat vegetables?,"Try making vegetables fun with dips, colorful presentations, or involving kids in cooking!",preschool,nutrition_guidance
What should a 5 year old eat for lunch?,"For lunch, I recommend a balanced meal with fruits, vegetables, protein, and grains. For example: oats with banana and yogurt.",school_age,nutrition_guidance
What are some healthy snacks for a 3 year old?,"Yes, broccoli is very healthy for children! It provides important nutrients for growth and development.",preschool,nutrition_guidance
What should a 5 year old eat for dinner?,"For dinner, I recommend a balanced meal with fruits, vegetables, protein, and grains. For example: oats with banana and yogurt.",toddler,nutrition_guidance
How can I get my picky 5 year old to eat vegetables?,"Try making vegetables fun with dips, colorful presentations, or involving kids in cooking!",school_age,nutrition_guidance
What should a 3 year old eat for snack?,"For snack, I recommend a balanced meal with fruits, vegetables, protein, and grains. For example: oats with banana and yogurt.",toddler,nutrition_guidance
What should a 5 year old eat for lunch?,"For lunch, I recommend a balanced meal with fruits, vegetables, protein, and grains. For example: oats with banana and yogurt.",school_age,nutrition_guidance
What are some healthy snacks for a 3 year old?,"Yes, orange is very healthy for children! It provides important nutrients for growth and development.",school_age,nutrition_guidance
How can I get my picky 8 year old to eat vegetables?,"Try making vegetables fun with dips, colorful presentations, or involving kids in cooking!",toddler,nutrition_guidance
How can I get my picky 3 year old to eat vegetables?,"Try making vegetables fun with dips, colorful presentations, or involving kids in cooking!",preschool,nutrition_guidance
Is oats healthy for my 5 year old child?,"Yes, oats is very healthy for children! It provides important nutrients for growth and development.",toddler,nutrition_guidance
Is yogurt healthy for my 5 year old child?,"Yes, yogurt is very healthy for children! It provides important nutrients for growth and development.",preschool,nutrition_guidance
Is strawberries healthy for my 3 year old child?,"Yes, strawberries is very healthy for children! It provides important nutrients for growth and development.",toddler,nutrition_guidance
How can I get my picky 5 year old to eat vegetables?,"Try making vegetables fun with dips, colorful presentations, or involving kids in cooking!",preschool,nutrition_guidance
What should a 8 year old eat for dinner?,"For dinner, I recommend a balanced meal with fruits, vegetables, protein, and grains. For example: oats with banana and yogurt.",school_age,nutrition_guidance
How can I get my picky 5 year old to eat vegetables?,"Try making vegetables fun with dips, colorful presentations, or involving kids in cooking!",toddler,nutrition_guidance
What should a 3 year old eat for snack?,"For snack, I recommend a balanced meal with fruits, vegetables, protein, and grains. For example: oats with banana and yogurt.",preschool,nutrition_guidance
What are some healthy snacks for a 5 year old?,"Yes, carrots is very healthy for children! It provides important nutrients for growth and development.",school_age,nutrition_guidance
What should a 5 year old eat for snack?,"For snack, I recommend a balanced meal with fruits, vegetables, protein, and grains. For example: oats with banana and yogurt.",preschool,nutrition_guidance
How can I get my picky 3 year old to eat vegetables?,"Try making vegetables fun with dips, colorful presentations, or involving kids in cooking!",preschool,nutrition_guidance
What are some healthy snacks for a 3 year old?,"Yes, spinach is very healthy for children! It provides important nutrients for growth and development.",toddler,nutrition_guidance
What are some healthy snacks for a 5 year old?,"Yes, oats is very healthy for children! It provides important nutrients for growth and development.",toddler,nutrition_guidance
How can I get my picky 5 year old to eat vegetables?,"Try making vegetables fun with dips, colorful presentations, or involving kids in cooking!",preschool,nutrition_guidance
How can I get my picky 5 year old to eat vegetables?,"Try making vegetables fun with dips, colorful presentations, or involving kids in cooking!",toddler,nutrition_guidance
What should a 3 year old eat for breakfast?,"For breakfast, I recommend a balanced meal with fruits, vegetables, protein, and grains. For example: oats with banana and yogurt.",school_age,nutrition_guidance
What are some healthy snacks for a 5 year old?,"Yes, orange is very healthy for children! It provides important nutrients for growth and development.",school_age,nutrition_guidance
Is banana healthy for my 8 year old child?,"Yes, banana is very healthy for children! It provides important nutrients for growth and development.",preschool,nutrition_guidance
What are some healthy snacks for a 5 year old?,"Yes, broccoli is very healthy for children! It provides important nutrients for growth and development.",school_age,nutrition_guidance
What should a 8 year old eat for lunch?,"For lunch, I recommend a balanced meal with fruits, vegetables, protein, and grains. For example: oats with banana and yogurt.",preschool,nutrition_guidance
What are some healthy snacks for a 8 year old?,"Yes, carrots is very healthy for children! It provides important nutrients for growth and development.",school_age,nutrition_guidance
Is strawberries healthy for my 8 year old child?,"Yes, strawberries is very healthy for children! It provides important nutrients for growth and development.",school_age,nutrition_guidance
Is orange healthy for my 8 year old child?,"Yes, orange is very healthy for children! It provides important nutrients for growth and development.",preschool,nutrition_guidance
Is orange healthy for my 5 year old child?,"Yes, orange is very healthy for children! It provides important nutrients for growth and development.",school_age,nutrition_guidance
What should a 5 year old eat for dinner?,"For dinner, I recommend a balanced meal with fruits, vegetables, protein, and grains. For example: oats with banana and yogurt.",preschool,nutrition_guidance
What should a 5 year old eat for breakfast?,"For breakfast, I recommend a balanced meal with fruits, vegetables, protein, and grains. For example: oats with banana and yogurt.",toddler,nutrition_guidance
What should a 3 year old eat for dinner?,"For dinner, I recommend a balanced meal with fruits, vegetables, protein, and grains. For example: oats with banana and yogurt.",school_age,nutrition_guidance
What should a 5 year old eat for lunch?,"For lunch, I recommend a balanced meal with fruits, vegetables, protein, and grains. For example: oats with banana and yogurt.",school_age,nutrition_guidance
How can I get my picky 5 year old to eat vegetables?,"Try making vegetables fun with dips, colorful presentations, or involving kids in cooking!",preschool,nutrition_guidance
How can I get my picky 5 year old to eat vegetables?,"Try making vegetables fun with dips, colorful presentations, or involving kids in cooking!",preschool,nutrition_guidance
What are some healthy snacks for a 5 year old?,"Yes, chicken is very healthy for children! It provides important nutrients for growth and development.",toddler,nutrition_guidance
How can I get my picky 8 year old to eat vegetables?,"Try making vegetables fun with dips, colorful presentations, or involving kids in cooking!",school_age,nutrition_guidance
Is apple healthy for my 8 year old child?,"Yes, apple is very healthy for children! It provides important nutrients for growth and development.",toddler,nutrition_guidance
Is yogurt healthy for my 5 year old child?,"Yes, yogurt is very healthy for children! It provides important nutrients for growth and development.",school_age,nutrition_guidance
What are some healthy snacks for a 8 year old?,"Yes, broccoli is very healthy for children! It provides important nutrients for growth and development.",preschool,nutrition_guidance
What are some healthy snacks for a 3 year old?,"Yes, yogurt is very healthy for children! It provides important nutrients for growth and development.",school_age,nutrition_guidance
Is oats healthy for my 3 year old child?,"Yes, oats is very healthy for children! It provides important nutrients for growth and development.",school_age,nutrition_guidance
What should a 5 year old eat for dinner?,"For dinner, I recommend a balanced meal with fruits, vegetables, protein, and grains. For example: oats with banana and yogurt.",toddler,nutrition_guidance
What are some healthy snacks for a 5 year old?,"Yes, oats is very healthy for children! It provides important nutrients for growth and development.",toddler,nutrition_guidance
Is broccoli healthy for my 3 year old child?,"Yes, broccoli is very healthy for children! It provides important nutrients for growth and development.",school_age,nutrition_guidance
What are some healthy snacks for a 5 year old?,"Yes, strawberries is very healthy for children! It provides important nutrients for growth and development.",toddler,nutrition_guidance
What should a 8 year old eat for breakfast?,"For breakfast, I recommend a balanced meal with fruits, vegetables, protein, and grains. For example: oats with banana and yogurt.",school_age,nutrition_guidance
Is strawberries healthy for my 8 year old child?,"Yes, strawberries is very healthy for children! It provides important nutrients for growth and development.",school_age,nutrition_guidance
What should a 3 year old eat for dinner?,"For dinner, I recommend a balanced meal with fruits, vegetables, protein, and grains. For example: oats with banana and yogurt.",school_age,nutrition_guidance
What should a 3 year old eat for lunch?,"For lunch, I recommend a balanced meal with fruits, vegetables, protein, and grains. For example: oats with banana and yogurt.",school_age,nutrition_guidance
What are some healthy snacks for a 5 year old?,"Yes, oats is very healthy for children! It provides important nutrients for growth and development.",preschool,nutrition_guidance
What are some healthy snacks for a 8 year old?,"Yes, spinach is very healthy for children! It provides important nutrients for growth and development.",toddler,nutrition_guidance
Is strawberries healthy for my 5 year old child?,"Yes, strawberries is very healthy for children! It provides important nutrients for growth and development.",toddler,nutrition_guidance
How can I get my picky 3 year old to eat vegetables?,"Try making vegetables fun with dips, colorful presentations, or involving kids in cooking!",preschool,nutrition_guidance
What should a 8 year old eat for breakfast?,"For breakfast, I recommend a balanced meal with fruits, vegetables, protein, and grains. For example: oats with banana and yogurt.",school_age,nutrition_guidance
Is broccoli healthy for my 8 year old child?,"Yes, broccoli is very healthy for children! It provides important nutrients for growth and development.",preschool,nutrition_guidance
What should a 3 year old eat for lunch?,"For lunch, I recommend a balanced meal with fruits, vegetables, protein, and grains. For example: oats with banana and yogurt.",school_age,nutrition_guidance
What should a 5 year old eat for lunch?,"For lunch, I recommend a balanced meal with fruits, vegetables, protein, and grains. For example: oats with banana and yogurt.",preschool,nutrition_guidance
What are some healthy snacks for a 8 year old?,"Yes, rice is very healthy for children! It provides important nutrients for growth and development.",preschool,nutrition_guidance
Is broccoli healthy for my 3 year old child?,"Yes, broccoli is very healthy for children! It provides important nutrients for growth and development.",preschool,nutrition_guidance
What are some healthy snacks for a 3 year old?,"Yes, yogurt is very healthy for children! It provides important nutrients for growth and development.",preschool,nutrition_guidance
What should a 8 year old eat for dinner?,"For dinner, I recommend a balanced meal with fruits, vegetables, protein, and grains. For example: oats with banana and yogurt.",toddler,nutrition_guidance
What are some healthy snacks for a 5 year old?,"Yes, banana is very healthy for children! It provides important nutrients for growth and development.",toddler,nutrition_guidance
Is yogurt healthy for my 3 year old child?,"Yes, yogurt is very healthy for children! It provides important nutrients for growth and development.",preschool,nutrition_guidance
Is rice healthy for my 8 year old child?,"Yes, rice is very healthy for children! It provides important nutrients for growth and development.",toddler,nutrition_guidance
How can I get my picky 3 year old to eat vegetables?,"Try making vegetables fun with dips, colorful presentations, or involving kids in cooking!",toddler,nutrition_guidance
How can I get my picky 3 year old to eat vegetables?,"Try making vegetables fun with dips, colorful presentations, or involving kids in cooking!",toddler,nutrition_guidance
Is rice healthy for my 8 year old child?,"Yes, rice is very healthy for children! It provides important nutrients for growth and development.",preschool,nutrition_guidance
How can I get my picky 3 year old to eat vegetables?,"Try making vegetables fun with dips, colorful presentations, or involving kids in cooking!",toddler,nutrition_guidance
What are some healthy snacks for a 3 year old?,"Yes, broccoli is very healthy for children! It provides important nutrients for growth and development.",preschool,nutrition_guidance
Is spinach healthy for my 8 year old child?,"Yes, spinach is very healthy for children! It provides important nutrients for growth and development.",preschool,nutrition_guidance
Is carrots healthy for my 5 year old child?,"Yes, carrots is very healthy for children! It provides important nutrients for growth and development.",toddler,nutrition_guidance
How can I get my picky 5 year old to eat vegetables?,"Try making vegetables fun with dips, colorful presentations, or involving kids in cooking!",school_age,nutrition_guidance
Is strawberries healthy for my 5 year old child?,"Yes, strawberries is very healthy for children! It provides important nutrients for growth and development.",preschool,nutrition_guidance
What should a 8 year old eat for dinner?,"For dinner, I recommend a balanced meal with fruits, vegetables, protein, and grains. For example: oats with banana and yogurt.",preschool,nutrition_guidance
How can I get my picky 5 year old to eat vegetables?,"Try making vegetables fun with dips, colorful presentations, or involving kids in cooking!",toddler,nutrition_guidance
What are some healthy snacks for a 5 year old?,"Yes, carrots is very healthy for children! It provides important nutrients for growth and development.",preschool,nutrition_guidance
How can I get my picky 5 year old to eat vegetables?,"Try making vegetables fun with dips, colorful presentations, or involving kids in cooking!",toddler,nutrition_guidance
Is orange healthy for my 3 year old child?,"Yes, orange is very healthy for children! It provides important nutrients for growth and development.",school_age,nutrition_guidance
How can I get my picky 5 year old to eat vegetables?,"Try making vegetables fun with dips, colorful presentations, or involving kids in cooking!",preschool,nutrition_guidance
What are some healthy snacks for a 3 year old?,"Yes, carrots is very healthy for children! It provides important nutrients for growth and development.",toddler,nutrition_guidance
What should a 3 year old eat for lunch?,"For lunch, I recommend a balanced meal with fruits, vegetables, protein, and grains. For example: oats with banana and yogurt.",preschool,nutrition_guidance
Is orange healthy for my 8 year old child?,"Yes, orange is very healthy for children! It provides important nutrients for growth and development.",preschool,nutrition_guidance
What should a 5 year old eat for dinner?,"For dinner, I recommend a balanced meal with fruits, vegetables, protein, and grains. For example: oats with banana and yogurt.",toddler,nutrition_guidance
What are some healthy snacks for a 5 year old?,"Yes, eggs is very healthy for children! It provides important nutrients for growth and development.",toddler,nutrition_guidance
What are some healthy snacks for a 3 year old?,"Yes, apple is very healthy for children! It provides important nutrients for growth and development.",school_age,nutrition_guidance
Is carrots healthy for my 3 year old child?,"Yes, carrots is very healthy for children! It provides important nutrients for growth and development.",school_age,nutrition_guidance
What are some healthy snacks for a 5 year old?,"Yes, broccoli is very healthy for children! It provides important nutrients for growth and development.",school_age,nutrition_guidance
What are some healthy snacks for a 5 year old?,"Yes, orange is very healthy for children! It provides important nutrients for growth and development.",school_age,nutrition_guidance
How can I get my picky 8 year old to eat vegetables?,"Try making vegetables fun with dips, colorful presentations, or involving kids in cooking!",preschool,nutrition_guidance
What should a 5 year old eat for dinner?,"For dinner, I recommend a balanced meal with fruits, vegetables, protein, and grains. For example: oats with banana and yogurt.",preschool,nutrition_guidance
What should a 3 year old eat for dinner?,"For dinner, I recommend a balanced meal with fruits, vegetables, protein, and grains. For example: oats with banana and yogurt.",toddler,nutrition_guidance
How can I get my picky 3 year old to eat vegetables?,"Try making vegetables fun with dips, colorful presentations, or involving kids in cooking!",toddler,nutrition_guidance
Is orange healthy for my 5 year old child?,"Yes, orange is very healthy for children! It provides important nutrients for growth and development.",preschool,nutrition_guidance
How can I get my picky 3 year old to eat vegetables?,"Try making vegetables fun with dips, colorful presentations, or involving kids in cooking!",toddler,nutrition_guidance
How can I get my picky 5 year old to eat vegetables?,"Try making vegetables fun with dips, colorful presentations, or involving kids in cooking!",toddler,nutrition_guidance
Is chicken healthy for my 5 year old child?,"Yes, chicken is very healthy for children! It provides important nutrients for growth and development.",preschool,nutrition_guidance
How can I get my picky 5 year old to eat vegetables?,"Try making vegetables fun with dips, colorful presentations, or involving kids in cooking!",preschool,nutrition_guidance
What should a 3 year old eat for lunch?,"For lunch, I recommend a balanced meal with fruits, vegetables, protein, and grains. For example: oats with banana and yogurt.",school_age,nutrition_guidance
How can I get my picky 3 year old to eat vegetables?,"Try making vegetables fun with dips, colorful presentations, or involving kids in cooking!",school_age,nutrition_guidance
Is yogurt healthy for my 8 year old child?,"Yes, yogurt is very healthy for children! It provides important nutrients for growth and development.",preschool,nutrition_guidance
How can I get my picky 3 year old to eat vegetables?,"Try making vegetables fun with dips, colorful presentations, or involving kids in cooking!",preschool,nutrition_guidance
Is spinach healthy for my 8 year old child?,"Yes, spinach is very healthy for children! It provides important nutrients for growth and development.",preschool,nutrition_guidance
Is strawberries healthy for my 5 year old child?,"Yes, strawberries is very healthy for children! It provides important nutrients for growth and development.",toddler,nutrition_guidance
What are some healthy snacks for a 5 year old?,"Yes, spinach is very healthy for children! It provides important nutrients for growth and development.",preschool,nutrition_guidance
What are some healthy snacks for a 5 year old?,"Yes, broccoli is very healthy for children! It provides important nutrients for growth and development.",school_age,nutrition_guidance
How can I get my picky 8 year old to eat vegetables?,"Try making vegetables fun with dips, colorful presentations, or involving kids in cooking!",school_age,nutrition_guidance
How can I get my picky 5 year old to eat vegetables?,"Try making vegetables fun with dips, colorful presentations, or involving kids in cooking!",toddler,nutrition_guidance
What should a 5 year old eat for lunch?,"For lunch, I recommend a balanced meal with fruits, vegetables, protein, and grains. For example: oats with banana and yogurt.",school_age,nutrition_guidance
What are some healthy snacks for a 5 year old?,"Yes, carrots is very healthy for children! It provides important nutrients for growth and development.",school_age,nutrition_guidance
What are some healthy snacks for a 8 year old?,"Yes, banana is very healthy for children! It provides important nutrients for growth and development.",school_age,nutrition_guidance
How can I get my picky 8 year old to eat vegetables?,"Try making vegetables fun with dips, colorful presentations, or involving kids in cooking!",school_age,nutrition_guidance
What should a 3 year old eat for lunch?,"For lunch, I recommend a balanced meal with fruits, vegetables, protein, and grains. For example: oats with banana and yogurt.",toddler,nutrition_guidance
What should a 3 year old eat for breakfast?,"For breakfast, I recommend a balanced meal with fruits, vegetables, protein, and grains. For example: oats with banana and yogurt.",school_age,nutrition_guidance
What are some healthy snacks for a 3 year old?,"Yes, strawberries is very healthy for children! It provides important nutrients for growth and development.",school_age,nutrition_guidance
What are some healthy snacks for a 8 year old?,"Yes, chicken is very healthy for children! It provides important nutrients for growth and development.",toddler,nutrition_guidance
How can I get my picky 3 year old to eat vegetables?,"Try making vegetables fun with dips, colorful presentations, or involving kids in cooking!",school_age,nutrition_guidance
How can I get my picky 8 year old to eat vegetables?,"Try making vegetables fun with dips, colorful presentations, or involving kids in cooking!",preschool,nutrition_guidance
Is broccoli healthy for my 5 year old child?,"Yes, broccoli is very healthy for children! It provides important nutrients for growth and development.",toddler,nutrition_guidance
How can I get my picky 5 year old to eat vegetables?,"Try making vegetables fun with dips, colorful presentations, or involving kids in cooking!",toddler,nutrition_guidance
How can I get my picky 3 year old to eat vegetables?,"Try making vegetables fun with dips, colorful presentations, or involving kids in cooking!",toddler,nutrition_guidance
What should a 8 year old eat for snack?,"For snack, I recommend a balanced meal with fruits, vegetables, protein, and grains. For example: oats with banana and yogurt.",school_age,nutrition_guidance
What should a 8 year old eat for dinner?,"For dinner, I recommend a balanced meal with fruits, vegetables, protein, and grains. For example: oats with banana and yogurt.",preschool,nutrition_guidance
Is rice healthy for my 5 year old child?,"Yes, rice is very healthy for children! It provides important nutrients for growth and development.",school_age,nutrition_guidance
What should a 5 year old eat for breakfast?,"For breakfast, I recommend a balanced meal with fruits, vegetables, protein, and grains. For example: oats with banana and yogurt.",school_age,nutrition_guidance
How can I get my picky 3 year old to eat vegetables?,"Try making vegetables fun with dips, colorful presentations, or involving kids in cooking!",preschool,nutrition_guidance
What are some healthy snacks for a 5 year old?,"Yes, chicken is very healthy for children! It provides important nutrients for growth and development.",preschool,nutrition_guidance
How can I get my picky 3 year old to eat vegetables?,"Try making vegetables fun with dips, colorful presentations, or involving kids in cooking!",preschool,nutrition_guidance
How can I get my picky 8 year old to eat vegetables?,"Try making vegetables fun with dips, colorful presentations, or involving kids in cooking!",school_age,nutrition_guidance
Is apple healthy for my 3 year old child?,"Yes, apple is very healthy for children! It provides important nutrients for growth and development.",toddler,nutrition_guidance
What are some healthy snacks for a 8 year old?,"Yes, orange is very healthy for children! It provides important nutrients for growth and development.",toddler,nutrition_guidance
Is eggs healthy for my 5 year old child?,"Yes, eggs is very healthy for children! It provides important nutrients for growth and development.",preschool,nutrition_guidance
Is strawberries healthy for my 5 year old child?,"Yes, strawberries is very healthy for children! It provides important nutrients for growth and development.",school_age,nutrition_guidance
What are some healthy snacks for a 5 year old?,"Yes, broccoli is very healthy for children! It provides important nutrients for growth and development.",preschool,nutrition_guidance
What are some healthy snacks for a 5 year old?,"Yes, orange is very healthy for children! It provides important nutrients for growth and development.",toddler,nutrition_guidance
What are some healthy snacks for a 3 year old?,"Yes, oats is very healthy for children! It provides important nutrients for growth and development.",toddler,nutrition_guidance
What should a 5 year old eat for dinner?,"For dinner, I recommend a balanced meal with fruits, vegetables, protein, and grains. For example: oats with banana and yogurt.",school_age,nutrition_guidance
Is broccoli healthy for my 3 year old child?,"Yes, broccoli is very healthy for children! It provides important nutrients for growth and development.",school_age,nutrition_guidance
What are some healthy snacks for a 8 year old?,"Yes, strawberries is very healthy for children! It provides important nutrients for growth and development.",school_age,nutrition_guidance
Is oats healthy for my 8 year old child?,"Yes, oats is very healthy for children! It provides important nutrients for growth and development.",toddler,nutrition_guidance
Is eggs healthy for my 3 year old child?,"Yes, eggs is very healthy for children! It provides important nutrients for growth and development.",preschool,nutrition_guidance
Is broccoli healthy for my 5 year old child?,"Yes, broccoli is very healthy for children! It provides important nutrients for growth and development.",toddler,nutrition_guidance
Is chicken healthy for my 5 year old child?,"Yes, chicken is very healthy for children! It provides important nutrients for growth and development.",toddler,nutrition_guidance
Is oats healthy for my 8 year old child?,"Yes, oats is very healthy for children! It provides important nutrients for growth and development.",school_age,nutrition_guidance
What are some healthy snacks for a 3 year old?,"Yes, orange is very healthy for children! It provides important nutrients for growth and development.",toddler,nutrition_guidance
Is banana healthy for my 5 year old child?,"Yes, banana is very healthy for children! It provides important nutrients for growth and development.",school_age,nutrition_guidance
What should a 8 year old eat for lunch?,"For lunch, I recommend a balanced meal with fruits, vegetables, protein, and grains. For example: oats with banana and yogurt.",school_age,nutrition_guidance
What should a 3 year old eat for snack?,"For snack, I recommend a balanced meal with fruits, vegetables, protein, and grains. For example: oats with banana and yogurt.",toddler,nutrition_guidance
What should a 8 year old eat for lunch?,"For lunch, I recommend a balanced meal with fruits, vegetables, protein, and grains. For example: oats with banana and yogurt.",school_age,nutrition_guidance
What are some healthy snacks for a 3 year old?,"Yes, eggs is very healthy for children! It provides important nutrients for growth and development.",school_age,nutrition_guidance
Is eggs healthy for my 3 year old child?,"Yes, eggs is very healthy for children! It provides important nutrients for growth and development.",school_age,nutrition_guidance
What should a 3 year old eat for lunch?,"For lunch, I recommend a balanced meal with fruits, vegetables, protein, and grains. For example: oats with banana and yogurt.",school_age,nutrition_guidance
How can I get my picky 8 year old to eat vegetables?,"Try making vegetables fun with dips, colorful presentations, or involving kids in cooking!",toddler,nutrition_guidance
How can I get my picky 8 year old to eat vegetables?,"Try making vegetables fun with dips, colorful presentations, or involving kids in cooking!",school_age,nutrition_guidance
What are some healthy snacks for a 5 year old?,"Yes, apple is very healthy for children! It provides important nutrients for growth and development.",toddler,nutrition_guidance
What are some healthy snacks for a 5 year old?,"Yes, orange is very healthy for children! It provides important nutrients for growth and development.",school_age,nutrition_guidance
How can I get my picky 3 year old to eat vegetables?,"Try making vegetables fun with dips, colorful presentations, or involving kids in cooking!",toddler,nutrition_guidance
Is carrots healthy for my 5 year old child?,"Yes, carrots is very healthy for children! It provides important nutrients for growth and development.",toddler,nutrition_guidance
Is chicken healthy for my 8 year old child?,"Yes, chicken is very healthy for children! It provides important nutrients for growth and development.",toddler,nutrition_guidance
What should a 5 year old eat for lunch?,"For lunch, I recommend a balanced meal with fruits, vegetables, protein, and grains. For example: oats with banana and yogurt.",school_age,nutrition_guidance
What are some healthy snacks for a 5 year old?,"Yes, spinach is very healthy for children! It provides important nutrients for growth and development.",preschool,nutrition_guidance
Is banana healthy for my 8 year old child?,"Yes, banana is very healthy for children! It provides important nutrients for growth and development.",school_age,nutrition_guidance
How can I get my picky 5 year old to eat vegetables?,"Try making vegetables fun with dips, colorful presentations, or involving kids in cooking!",toddler,nutrition_guidance
What should a 8 year old eat for dinner?,"For dinner, I recommend a balanced meal with fruits, vegetables, protein, and grains. For example: oats with banana and yogurt.",preschool,nutrition_guidance
What are some healthy snacks for a 5 year old?,"Yes, carrots is very healthy for children! It provides important nutrients for growth and development.",toddler,nutrition_guidance
How can I get my picky 5 year old to eat vegetables?,"Try making vegetables fun with dips, colorful presentations, or involving kids in cooking!",preschool,nutrition_guidance
What are some healthy snacks for a 5 year old?,"Yes, rice is very healthy for children! It provides important nutrients for growth and development.",preschool,nutrition_guidance
How can I get my picky 8 year old to eat vegetables?,"Try making vegetables fun with dips, colorful presentations, or involving kids in cooking!",preschool,nutrition_guidance
What should a 3 year old eat for lunch?,"For lunch, I recommend a balanced meal with fruits, vegetables, protein, and grains. For example: oats with banana and yogurt.",preschool,nutrition_guidance
What should a 3 year old eat for dinner?,"For dinner, I recommend a balanced meal with fruits, vegetables, protein, and grains. For example: oats with banana and yogurt.",school_age,nutrition_guidance
How can I get my picky 3 year old to eat vegetables?,"Try making vegetables fun with dips, colorful presentations, or involving kids in cooking!",preschool,nutrition_guidance
How can I get my picky 5 year old to eat vegetables?,"Try making vegetables fun with dips, colorful presentations, or involving kids in cooking!",preschool,nutrition_guidance
Is strawberries healthy for my 5 year old child?,"Yes, strawberries is very healthy for children! It provides important nutrients for growth and development.",school_age,nutrition_guidance
What are some healthy snacks for a 3 year old?,"Yes, yogurt is very healthy for children! It provides important nutrients for growth and development.",school_age,nutrition_guidance
Is rice healthy for my 8 year old child?,"Yes, rice is very healthy for children! It provides important nutrients for growth and development.",toddler,nutrition_guidance
How can I get my picky 5 year old to eat vegetables?,"Try making vegetables fun with dips, colorful presentations, or involving kids in cooking!",toddler,nutrition_guidance
Is spinach healthy for my 3 year old child?,"Yes, spinach is very healthy for children! It provides important nutrients for growth and development.",preschool,nutrition_guidance
What should a 3 year old eat for lunch?,"For lunch, I recommend a balanced meal with fruits, vegetables, protein, and grains. For example: oats with banana and yogurt.",preschool,nutrition_guidance
Is chicken healthy for my 3 year old child?,"Yes, chicken is very healthy for children! It provides important nutrients for growth and development.",toddler,nutrition_guidance
How can I get my picky 8 year old to eat vegetables?,"Try making vegetables fun with dips, colorful presentations, or involving kids in cooking!",preschool,nutrition_guidance
What are some healthy snacks for a 8 year old?,"Yes, eggs is very healthy for children! It provides important nutrients for growth and development.",preschool,nutrition_guidance
Is spinach healthy for my 8 year old child?,"Yes, spinach is very healthy for children! It provides important nutrients for growth and development.",toddler,nutrition_guidance
What are some healthy snacks for a 3 year old?,"Yes, strawberries is very healthy for children! It provides important nutrients for growth and development.",school_age,nutrition_guidance
What are some healthy snacks for a 5 year old?,"Yes, banana is very healthy for children! It provides important nutrients for growth and development.",preschool,nutrition_guidance
What should a 5 year old eat for dinner?,"For dinner, I recommend a balanced meal with fruits, vegetables, protein, and grains. For example: oats with banana and yogurt.",toddler,nutrition_guidance
What should a 3 year old eat for lunch?,"For lunch, I recommend a balanced meal with fruits, vegetables, protein, and grains. For example: oats with banana and yogurt.",preschool,nutrition_guidance
Is broccoli healthy for my 3 year old child?,"Yes, broccoli is very healthy for children! It provides important nutrients for growth and development.",school_age,nutrition_guidance
What are some healthy snacks for a 8 year old?,"Yes, chicken is very healthy for children! It provides important nutrients for growth and development.",toddler,nutrition_guidance
Is yogurt healthy for my 5 year old child?,"Yes, yogurt is very healthy for children! It provides important nutrients for growth and development.",school_age,nutrition_guidance
What should a 8 year old eat for dinner?,"For dinner, I recommend a balanced meal with fruits, vegetables, protein, and grains. For example: oats with banana and yogurt.",school_age,nutrition_guidance
What should a 8 year old eat for breakfast?,"For breakfast, I recommend a balanced meal with fruits, vegetables, protein, and grains. For example: oats with banana and yogurt.",toddler,nutrition_guidance
How can I get my picky 8 year old to eat vegetables?,"Try making vegetables fun with dips, colorful presentations, or involving kids in cooking!",toddler,nutrition_guidance
How can I get my picky 8 year old to eat vegetables?,"Try making vegetables fun with dips, colorful presentations, or involving kids in cooking!",toddler,nutrition_guidance
How can I get my picky 8 year old to eat vegetables?,"Try making vegetables fun with dips, colorful presentations, or involving kids in cooking!",school_age,nutrition_guidance
Is oats healthy for my 8 year old child?,"Yes, oats is very healthy for children! It provides important nutrients for growth and development.",school_age,nutrition_guidance
What are some healthy snacks for a 5 year old?,"Yes, strawberries is very healthy for children! It provides important nutrients for growth and development.",toddler,nutrition_guidance
What are some healthy snacks for a 8 year old?,"Yes, apple is very healthy for children! It provides important nutrients for growth and development.",preschool,nutrition_guidance
What should a 8 year old eat for dinner?,"For dinner, I recommend a balanced meal with fruits, vegetables, protein, and grains. For example: oats with banana and yogurt.",preschool,nutrition_guidance
Is spinach healthy for my 8 year old child?,"Yes, spinach is very healthy for children! It provides important nutrients for growth and development.",preschool,nutrition_guidance
How can I get my picky 3 year old to eat vegetables?,"Try making vegetables fun with dips, colorful presentations, or involving kids in cooking!",preschool,nutrition_guidance
What are some healthy snacks for a 8 year old?,"Yes, banana is very healthy for children! It provides important nutrients for growth and development.",school_age,nutrition_guidance
Is banana healthy for my 3 year old child?,"Yes, banana is very healthy for children! It provides important nutrients for growth and development.",toddler,nutrition_guidance
What are some healthy snacks for a 8 year old?,"Yes, oats is very healthy for children! It provides important nutrients for growth and development.",preschool,nutrition_guidance
What are some healthy snacks for a 3 year old?,"Yes, yogurt is very healthy for children! It provides important nutrients for growth and development.",preschool,nutrition_guidance
Is spinach healthy for my 8 year old child?,"Yes, spinach is very healthy for children! It provides important nutrients for growth and development.",school_age,nutrition_guidance
How can I get my picky 5 year old to eat vegetables?,"Try making vegetables fun with dips, colorful presentations, or involving kids in cooking!",toddler,nutrition_guidance
What should a 3 year old eat for breakfast?,"For breakfast, I recommend a balanced meal with fruits, vegetables, protein, and grains. For example: oats with banana and yogurt.",school_age,nutrition_guidance
